nodename,batch,timestamp,task,data,in_rows,question,out_rows,out_cols,solution,version,git,fun,run,time_sec,mem_gb,cache,chk,chk_time_sec,comment,on_disk,machine_type
ip-172-31-35-156,1755598804,1755598806.0573008,groupby,G1_1e7_1e2_0_0,10000000,sum v1 by id1,100,2,chdb,3.5.0,NA,.groupby,1,0.019,1.082,TRUE,NA,0.002,,FALSE,c6id.metal
ip-172-31-35-156,1755598804,1755598806.079111,groupby,G1_1e7_1e2_0_0,10000000,sum v1 by id1,100,2,chdb,3.5.0,NA,.groupby,2,0.017,1.086,TRUE,NA,0.001,,FALSE,c6id.metal
ip-172-31-35-156,1755598804,1755598806.1570022,groupby,G1_1e7_1e2_0_0,10000000,sum v1 by id1:id2,10000,3,chdb,3.5.0,NA,.groupby,1,0.071,1.479,TRUE,NA,0.002,,FALSE,c6id.metal
ip-172-31-35-156,1755598804,1755598806.254197,groupby,G1_1e7_1e2_0_0,10000000,sum v1 by id1:id2,10000,3,chdb,3.5.0,NA,.groupby,2,0.068,1.499,TRUE,NA,0.025,,FALSE,c6id.metal
ip-172-31-35-156,1755598804,1755598806.340257,groupby,G1_1e7_1e2_0_0,10000000,sum v1 mean v3 by id3,100000,3,chdb,3.5.0,NA,.groupby,1,0.077,2.345,TRUE,NA,0.002,,FALSE,c6id.metal
ip-172-31-35-156,1755598804,1755598806.4182973,groupby,G1_1e7_1e2_0_0,10000000,sum v1 mean v3 by id3,100000,3,chdb,3.5.0,NA,.groupby,2,0.07,2.742,TRUE,NA,0.003,,FALSE,c6id.metal
ip-172-31-35-156,1755598804,1755598806.4502163,groupby,G1_1e7_1e2_0_0,10000000,mean v1:v3 by id4,100,4,chdb,3.5.0,NA,.groupby,1,0.022,2.739,TRUE,NA,0.002,,FALSE,c6id.metal
ip-172-31-35-156,1755598804,1755598806.4783525,groupby,G1_1e7_1e2_0_0,10000000,mean v1:v3 by id4,100,4,chdb,3.5.0,NA,.groupby,2,0.022,2.726,TRUE,NA,0.002,,FALSE,c6id.metal
ip-172-31-35-156,1755598804,1755598806.544096,groupby,G1_1e7_1e2_0_0,10000000,sum v1:v3 by id6,100000,4,chdb,3.5.0,NA,.groupby,1,0.057,2.77,TRUE,NA,0.002,,FALSE,c6id.metal
ip-172-31-35-156,1755598804,1755598806.6002893,groupby,G1_1e7_1e2_0_0,10000000,sum v1:v3 by id6,100000,4,chdb,3.5.0,NA,.groupby,2,0.049,2.77,TRUE,NA,0.002,,FALSE,c6id.metal
ip-172-31-35-156,1755598804,1755598806.6555116,groupby,G1_1e7_1e2_0_0,10000000,median v3 sd v3 by id4 id5,10000,4,chdb,3.5.0,NA,.groupby,1,0.045,2.684,TRUE,NA,0.002,,FALSE,c6id.metal
ip-172-31-35-156,1755598804,1755598806.7109637,groupby,G1_1e7_1e2_0_0,10000000,median v3 sd v3 by id4 id5,10000,4,chdb,3.5.0,NA,.groupby,2,0.049,2.696,TRUE,NA,0.002,,FALSE,c6id.metal
ip-172-31-35-156,1755598804,1755598806.7895577,groupby,G1_1e7_1e2_0_0,10000000,max v1 - min v2 by id3,100000,2,chdb,3.5.0,NA,.groupby,1,0.069,3.212,TRUE,NA,0.002,,FALSE,c6id.metal
ip-172-31-35-156,1755598804,1755598806.8647478,groupby,G1_1e7_1e2_0_0,10000000,max v1 - min v2 by id3,100000,2,chdb,3.5.0,NA,.groupby,2,0.069,3.436,TRUE,NA,0.002,,FALSE,c6id.metal
ip-172-31-35-156,1755598804,1755598806.9558408,groupby,G1_1e7_1e2_0_0,10000000,largest two v3 by id6,200000,2,chdb,3.5.0,NA,.groupby,1,0.081,3.458,TRUE,NA,0.003,,FALSE,c6id.metal
ip-172-31-35-156,1755598804,1755598807.0356128,groupby,G1_1e7_1e2_0_0,10000000,largest two v3 by id6,200000,2,chdb,3.5.0,NA,.groupby,2,0.072,3.379,TRUE,NA,0.003,,FALSE,c6id.metal
ip-172-31-35-156,1755598804,1755598807.0978587,groupby,G1_1e7_1e2_0_0,10000000,regression v1 v2 by id2 id4,10000,3,chdb,3.5.0,NA,.groupby,1,0.052,3.3,TRUE,NA,0.002,,FALSE,c6id.metal
ip-172-31-35-156,1755598804,1755598807.1702454,groupby,G1_1e7_1e2_0_0,10000000,regression v1 v2 by id2 id4,10000,3,chdb,3.5.0,NA,.groupby,2,0.047,3.265,TRUE,NA,0.021,,FALSE,c6id.metal
ip-172-31-35-156,1755598804,1755598807.4515917,groupby,G1_1e7_1e2_0_0,10000000,sum v3 count by id1:id6,10000000,8,chdb,3.5.0,NA,.groupby,1,0.268,4.496,TRUE,NA,0.006,,FALSE,c6id.metal
ip-172-31-35-156,1755598804,1755598807.7009048,groupby,G1_1e7_1e2_0_0,10000000,sum v3 count by id1:id6,10000000,8,chdb,3.5.0,NA,.groupby,2,0.239,4.877,TRUE,NA,0.006,,FALSE,c6id.metal
ip-172-31-35-156,1755598804,1755598823.874638,groupby,G1_1e7_1e1_0_0,10000000,sum v1 by id1,10,2,chdb,3.5.0,NA,.groupby,1,0.018,1.071,TRUE,NA,0.001,,FALSE,c6id.metal
ip-172-31-35-156,1755598804,1755598823.8958623,groupby,G1_1e7_1e1_0_0,10000000,sum v1 by id1,10,2,chdb,3.5.0,NA,.groupby,2,0.016,1.075,TRUE,NA,0.001,,FALSE,c6id.metal
ip-172-31-35-156,1755598804,1755598823.9530997,groupby,G1_1e7_1e1_0_0,10000000,sum v1 by id1:id2,100,3,chdb,3.5.0,NA,.groupby,1,0.049,1.228,TRUE,NA,0.003,,FALSE,c6id.metal
ip-172-31-35-156,1755598804,1755598824.0335422,groupby,G1_1e7_1e1_0_0,10000000,sum v1 by id1:id2,100,3,chdb,3.5.0,NA,.groupby,2,0.052,1.234,TRUE,NA,0.024,,FALSE,c6id.metal
ip-172-31-35-156,1755598804,1755598824.141376,groupby,G1_1e7_1e1_0_0,10000000,sum v1 mean v3 by id3,999951,3,chdb,3.5.0,NA,.groupby,1,0.098,2.475,TRUE,NA,0.003,,FALSE,c6id.metal
ip-172-31-35-156,1755598804,1755598824.2339096,groupby,G1_1e7_1e1_0_0,10000000,sum v1 mean v3 by id3,999951,3,chdb,3.5.0,NA,.groupby,2,0.085,3.006,TRUE,NA,0.002,,FALSE,c6id.metal
ip-172-31-35-156,1755598804,1755598824.2648354,groupby,G1_1e7_1e1_0_0,10000000,mean v1:v3 by id4,10,4,chdb,3.5.0,NA,.groupby,1,0.021,3.001,TRUE,NA,0.002,,FALSE,c6id.metal
ip-172-31-35-156,1755598804,1755598824.2924728,groupby,G1_1e7_1e1_0_0,10000000,mean v1:v3 by id4,10,4,chdb,3.5.0,NA,.groupby,2,0.022,2.984,TRUE,NA,0.002,,FALSE,c6id.metal
ip-172-31-35-156,1755598804,1755598824.3802023,groupby,G1_1e7_1e1_0_0,10000000,sum v1:v3 by id6,999965,4,chdb,3.5.0,NA,.groupby,1,0.076,3.183,TRUE,NA,0.004,,FALSE,c6id.metal
ip-172-31-35-156,1755598804,1755598824.4549074,groupby,G1_1e7_1e1_0_0,10000000,sum v1:v3 by id6,999965,4,chdb,3.5.0,NA,.groupby,2,0.066,3.357,TRUE,NA,0.004,,FALSE,c6id.metal
ip-172-31-35-156,1755598804,1755598824.6027136,groupby,G1_1e7_1e1_0_0,10000000,median v3 sd v3 by id4 id5,100,4,chdb,3.5.0,NA,.groupby,1,0.136,3.279,TRUE,NA,0.002,,FALSE,c6id.metal
ip-172-31-35-156,1755598804,1755598824.7411456,groupby,G1_1e7_1e1_0_0,10000000,median v3 sd v3 by id4 id5,100,4,chdb,3.5.0,NA,.groupby,2,0.132,3.301,TRUE,NA,0.002,,FALSE,c6id.metal
ip-172-31-35-156,1755598804,1755598824.8375902,groupby,G1_1e7_1e1_0_0,10000000,max v1 - min v2 by id3,999951,2,chdb,3.5.0,NA,.groupby,1,0.086,3.936,TRUE,NA,0.003,,FALSE,c6id.metal
ip-172-31-35-156,1755598804,1755598824.9333863,groupby,G1_1e7_1e1_0_0,10000000,max v1 - min v2 by id3,999951,2,chdb,3.5.0,NA,.groupby,2,0.088,4.193,TRUE,NA,0.003,,FALSE,c6id.metal
ip-172-31-35-156,1755598804,1755598825.047106,groupby,G1_1e7_1e1_0_0,10000000,largest two v3 by id6,1999500,2,chdb,3.5.0,NA,.groupby,1,0.102,4.388,TRUE,NA,0.003,,FALSE,c6id.metal
ip-172-31-35-156,1755598804,1755598825.1457164,groupby,G1_1e7_1e1_0_0,10000000,largest two v3 by id6,1999500,2,chdb,3.5.0,NA,.groupby,2,0.09,4.479,TRUE,NA,0.003,,FALSE,c6id.metal
ip-172-31-35-156,1755598804,1755598825.1879046,groupby,G1_1e7_1e1_0_0,10000000,regression v1 v2 by id2 id4,100,3,chdb,3.5.0,NA,.groupby,1,0.031,4.437,TRUE,NA,0.002,,FALSE,c6id.metal
ip-172-31-35-156,1755598804,1755598825.2421741,groupby,G1_1e7_1e1_0_0,10000000,regression v1 v2 by id2 id4,100,3,chdb,3.5.0,NA,.groupby,2,0.028,4.423,TRUE,NA,0.021,,FALSE,c6id.metal
ip-172-31-35-156,1755598804,1755598825.5108404,groupby,G1_1e7_1e1_0_0,10000000,sum v3 count by id1:id6,10000000,8,chdb,3.5.0,NA,.groupby,1,0.255,5.186,TRUE,NA,0.006,,FALSE,c6id.metal
ip-172-31-35-156,1755598804,1755598825.754489,groupby,G1_1e7_1e1_0_0,10000000,sum v3 count by id1:id6,10000000,8,chdb,3.5.0,NA,.groupby,2,0.232,5.462,TRUE,NA,0.006,,FALSE,c6id.metal
ip-172-31-35-156,1755598804,1755598841.9431863,groupby,G1_1e7_2e0_0_0,10000000,sum v1 by id1,2,2,chdb,3.5.0,NA,.groupby,1,0.019,1.076,TRUE,NA,0.002,,FALSE,c6id.metal
ip-172-31-35-156,1755598804,1755598841.9653351,groupby,G1_1e7_2e0_0_0,10000000,sum v1 by id1,2,2,chdb,3.5.0,NA,.groupby,2,0.017,1.078,TRUE,NA,0.001,,FALSE,c6id.metal
ip-172-31-35-156,1755598804,1755598842.0220444,groupby,G1_1e7_2e0_0_0,10000000,sum v1 by id1:id2,4,3,chdb,3.5.0,NA,.groupby,1,0.05,1.234,TRUE,NA,0.003,,FALSE,c6id.metal
ip-172-31-35-156,1755598804,1755598842.1009855,groupby,G1_1e7_2e0_0_0,10000000,sum v1 by id1:id2,4,3,chdb,3.5.0,NA,.groupby,2,0.049,1.239,TRUE,NA,0.024,,FALSE,c6id.metal
ip-172-31-35-156,1755598804,1755598842.2361717,groupby,G1_1e7_2e0_0_0,10000000,sum v1 mean v3 by id3,4323566,3,chdb,3.5.0,NA,.groupby,1,0.122,2.698,TRUE,NA,0.004,,FALSE,c6id.metal
ip-172-31-35-156,1755598804,1755598842.3525562,groupby,G1_1e7_2e0_0_0,10000000,sum v1 mean v3 by id3,4323566,3,chdb,3.5.0,NA,.groupby,2,0.106,3.35,TRUE,NA,0.005,,FALSE,c6id.metal
ip-172-31-35-156,1755598804,1755598842.3863285,groupby,G1_1e7_2e0_0_0,10000000,mean v1:v3 by id4,2,4,chdb,3.5.0,NA,.groupby,1,0.023,3.336,TRUE,NA,0.003,,FALSE,c6id.metal
ip-172-31-35-156,1755598804,1755598842.4166982,groupby,G1_1e7_2e0_0_0,10000000,mean v1:v3 by id4,2,4,chdb,3.5.0,NA,.groupby,2,0.023,3.332,TRUE,NA,0.003,,FALSE,c6id.metal
ip-172-31-35-156,1755598804,1755598842.5226374,groupby,G1_1e7_2e0_0_0,10000000,sum v1:v3 by id6,4322014,4,chdb,3.5.0,NA,.groupby,1,0.095,3.571,TRUE,NA,0.005,,FALSE,c6id.metal
ip-172-31-35-156,1755598804,1755598842.6155152,groupby,G1_1e7_2e0_0_0,10000000,sum v1:v3 by id6,4322014,4,chdb,3.5.0,NA,.groupby,2,0.081,3.581,TRUE,NA,0.006,,FALSE,c6id.metal
ip-172-31-35-156,1755598804,1755598842.7730367,groupby,G1_1e7_2e0_0_0,10000000,median v3 sd v3 by id4 id5,4,4,chdb,3.5.0,NA,.groupby,1,0.146,3.72,TRUE,NA,0.002,,FALSE,c6id.metal
ip-172-31-35-156,1755598804,1755598842.9298694,groupby,G1_1e7_2e0_0_0,10000000,median v3 sd v3 by id4 id5,4,4,chdb,3.5.0,NA,.groupby,2,0.148,3.858,TRUE,NA,0.003,,FALSE,c6id.metal
ip-172-31-35-156,1755598804,1755598843.0527027,groupby,G1_1e7_2e0_0_0,10000000,max v1 - min v2 by id3,4323566,2,chdb,3.5.0,NA,.groupby,1,0.109,4.399,TRUE,NA,0.005,,FALSE,c6id.metal
ip-172-31-35-156,1755598804,1755598843.1680408,groupby,G1_1e7_2e0_0_0,10000000,max v1 - min v2 by id3,4323566,2,chdb,3.5.0,NA,.groupby,2,0.106,4.673,TRUE,NA,0.004,,FALSE,c6id.metal
ip-172-31-35-156,1755598804,1755598843.295652,groupby,G1_1e7_2e0_0_0,10000000,largest two v3 by id6,7291480,2,chdb,3.5.0,NA,.groupby,1,0.115,4.9,TRUE,NA,0.003,,FALSE,c6id.metal
ip-172-31-35-156,1755598804,1755598843.4073646,groupby,G1_1e7_2e0_0_0,10000000,largest two v3 by id6,7291480,2,chdb,3.5.0,NA,.groupby,2,0.102,4.919,TRUE,NA,0.005,,FALSE,c6id.metal
ip-172-31-35-156,1755598804,1755598843.4470055,groupby,G1_1e7_2e0_0_0,10000000,regression v1 v2 by id2 id4,4,3,chdb,3.5.0,NA,.groupby,1,0.028,4.906,TRUE,NA,0.002,,FALSE,c6id.metal
ip-172-31-35-156,1755598804,1755598843.5041938,groupby,G1_1e7_2e0_0_0,10000000,regression v1 v2 by id2 id4,4,3,chdb,3.5.0,NA,.groupby,2,0.031,4.877,TRUE,NA,0.021,,FALSE,c6id.metal
ip-172-31-35-156,1755598804,1755598843.7817132,groupby,G1_1e7_2e0_0_0,10000000,sum v3 count by id1:id6,10000000,8,chdb,3.5.0,NA,.groupby,1,0.263,5.848,TRUE,NA,0.007,,FALSE,c6id.metal
ip-172-31-35-156,1755598804,1755598844.025453,groupby,G1_1e7_2e0_0_0,10000000,sum v3 count by id1:id6,10000000,8,chdb,3.5.0,NA,.groupby,2,0.232,6.155,TRUE,NA,0.005,,FALSE,c6id.metal
ip-172-31-35-156,1755598804,1755598860.189927,groupby,G1_1e7_1e2_0_1,10000000,sum v1 by id1,100,2,chdb,3.5.0,NA,.groupby,1,0.02,1.086,TRUE,NA,0.002,,FALSE,c6id.metal
ip-172-31-35-156,1755598804,1755598860.2117043,groupby,G1_1e7_1e2_0_1,10000000,sum v1 by id1,100,2,chdb,3.5.0,NA,.groupby,2,0.017,1.089,TRUE,NA,0.001,,FALSE,c6id.metal
ip-172-31-35-156,1755598804,1755598860.268348,groupby,G1_1e7_1e2_0_1,10000000,sum v1 by id1:id2,10000,3,chdb,3.5.0,NA,.groupby,1,0.049,1.248,TRUE,NA,0.002,,FALSE,c6id.metal
ip-172-31-35-156,1755598804,1755598860.3489237,groupby,G1_1e7_1e2_0_1,10000000,sum v1 by id1:id2,10000,3,chdb,3.5.0,NA,.groupby,2,0.052,1.256,TRUE,NA,0.024,,FALSE,c6id.metal
ip-172-31-35-156,1755598804,1755598860.4375675,groupby,G1_1e7_1e2_0_1,10000000,sum v1 mean v3 by id3,100000,3,chdb,3.5.0,NA,.groupby,1,0.08,2.27,TRUE,NA,0.002,,FALSE,c6id.metal
ip-172-31-35-156,1755598804,1755598860.5126882,groupby,G1_1e7_1e2_0_1,10000000,sum v1 mean v3 by id3,100000,3,chdb,3.5.0,NA,.groupby,2,0.067,2.628,TRUE,NA,0.003,,FALSE,c6id.metal
ip-172-31-35-156,1755598804,1755598860.5429854,groupby,G1_1e7_1e2_0_1,10000000,mean v1:v3 by id4,100,4,chdb,3.5.0,NA,.groupby,1,0.021,2.621,TRUE,NA,0.002,,FALSE,c6id.metal
ip-172-31-35-156,1755598804,1755598860.571694,groupby,G1_1e7_1e2_0_1,10000000,mean v1:v3 by id4,100,4,chdb,3.5.0,NA,.groupby,2,0.022,2.621,TRUE,NA,0.003,,FALSE,c6id.metal
ip-172-31-35-156,1755598804,1755598860.6387806,groupby,G1_1e7_1e2_0_1,10000000,sum v1:v3 by id6,100000,4,chdb,3.5.0,NA,.groupby,1,0.059,2.732,TRUE,NA,0.002,,FALSE,c6id.metal
ip-172-31-35-156,1755598804,1755598860.696044,groupby,G1_1e7_1e2_0_1,10000000,sum v1:v3 by id6,100000,4,chdb,3.5.0,NA,.groupby,2,0.05,2.706,TRUE,NA,0.002,,FALSE,c6id.metal
ip-172-31-35-156,1755598804,1755598860.7519958,groupby,G1_1e7_1e2_0_1,10000000,median v3 sd v3 by id4 id5,10000,4,chdb,3.5.0,NA,.groupby,1,0.047,2.653,TRUE,NA,0.002,,FALSE,c6id.metal
ip-172-31-35-156,1755598804,1755598860.8062296,groupby,G1_1e7_1e2_0_1,10000000,median v3 sd v3 by id4 id5,10000,4,chdb,3.5.0,NA,.groupby,2,0.048,2.657,TRUE,NA,0.002,,FALSE,c6id.metal
ip-172-31-35-156,1755598804,1755598860.8842964,groupby,G1_1e7_1e2_0_1,10000000,max v1 - min v2 by id3,100000,2,chdb,3.5.0,NA,.groupby,1,0.069,3.165,TRUE,NA,0.002,,FALSE,c6id.metal
ip-172-31-35-156,1755598804,1755598860.9575243,groupby,G1_1e7_1e2_0_1,10000000,max v1 - min v2 by id3,100000,2,chdb,3.5.0,NA,.groupby,2,0.067,3.374,TRUE,NA,0.002,,FALSE,c6id.metal
ip-172-31-35-156,1755598804,1755598861.0461013,groupby,G1_1e7_1e2_0_1,10000000,largest two v3 by id6,200000,2,chdb,3.5.0,NA,.groupby,1,0.079,3.366,TRUE,NA,0.002,,FALSE,c6id.metal
ip-172-31-35-156,1755598804,1755598861.1267455,groupby,G1_1e7_1e2_0_1,10000000,largest two v3 by id6,200000,2,chdb,3.5.0,NA,.groupby,2,0.074,3.346,TRUE,NA,0.002,,FALSE,c6id.metal
ip-172-31-35-156,1755598804,1755598861.1784928,groupby,G1_1e7_1e2_0_1,10000000,regression v1 v2 by id2 id4,10000,3,chdb,3.5.0,NA,.groupby,1,0.042,3.283,TRUE,NA,0.002,,FALSE,c6id.metal
ip-172-31-35-156,1755598804,1755598861.2440023,groupby,G1_1e7_1e2_0_1,10000000,regression v1 v2 by id2 id4,10000,3,chdb,3.5.0,NA,.groupby,2,0.039,3.204,TRUE,NA,0.022,,FALSE,c6id.metal
ip-172-31-35-156,1755598804,1755598861.518473,groupby,G1_1e7_1e2_0_1,10000000,sum v3 count by id1:id6,10000000,8,chdb,3.5.0,NA,.groupby,1,0.263,4.386,TRUE,NA,0.005,,FALSE,c6id.metal
ip-172-31-35-156,1755598804,1755598861.7633102,groupby,G1_1e7_1e2_0_1,10000000,sum v3 count by id1:id6,10000000,8,chdb,3.5.0,NA,.groupby,2,0.234,4.771,TRUE,NA,0.006,,FALSE,c6id.metal
ip-172-31-35-156,1755598804,1755598878.022622,groupby,G1_1e7_1e2_5_0,10000000,sum v1 by id1,96,2,chdb,3.5.0,NA,.groupby,1,0.02,1.166,TRUE,NA,0.002,,FALSE,c6id.metal
ip-172-31-35-156,1755598804,1755598878.0465531,groupby,G1_1e7_1e2_5_0,10000000,sum v1 by id1,96,2,chdb,3.5.0,NA,.groupby,2,0.019,1.169,TRUE,NA,0.001,,FALSE,c6id.metal
ip-172-31-35-156,1755598804,1755598878.130806,groupby,G1_1e7_1e2_5_0,10000000,sum v1 by id1:id2,9216,3,chdb,3.5.0,NA,.groupby,1,0.076,1.551,TRUE,NA,0.003,,FALSE,c6id.metal
ip-172-31-35-156,1755598804,1755598878.2292688,groupby,G1_1e7_1e2_5_0,10000000,sum v1 by id1:id2,9216,3,chdb,3.5.0,NA,.groupby,2,0.07,1.573,TRUE,NA,0.023,,FALSE,c6id.metal
ip-172-31-35-156,1755598804,1755598878.3251302,groupby,G1_1e7_1e2_5_0,10000000,sum v1 mean v3 by id3,95001,3,chdb,3.5.0,NA,.groupby,1,0.085,2.391,TRUE,NA,0.003,,FALSE,c6id.metal
ip-172-31-35-156,1755598804,1755598878.4084966,groupby,G1_1e7_1e2_5_0,10000000,sum v1 mean v3 by id3,95001,3,chdb,3.5.0,NA,.groupby,2,0.076,2.742,TRUE,NA,0.002,,FALSE,c6id.metal
ip-172-31-35-156,1755598804,1755598878.4455786,groupby,G1_1e7_1e2_5_0,10000000,mean v1:v3 by id4,96,4,chdb,3.5.0,NA,.groupby,1,0.026,2.742,TRUE,NA,0.002,,FALSE,c6id.metal
ip-172-31-35-156,1755598804,1755598878.4787297,groupby,G1_1e7_1e2_5_0,10000000,mean v1:v3 by id4,96,4,chdb,3.5.0,NA,.groupby,2,0.026,2.741,TRUE,NA,0.002,,FALSE,c6id.metal
ip-172-31-35-156,1755598804,1755598878.5545769,groupby,G1_1e7_1e2_5_0,10000000,sum v1:v3 by id6,95001,4,chdb,3.5.0,NA,.groupby,1,0.066,2.809,TRUE,NA,0.003,,FALSE,c6id.metal
ip-172-31-35-156,1755598804,1755598878.6275363,groupby,G1_1e7_1e2_5_0,10000000,sum v1:v3 by id6,95001,4,chdb,3.5.0,NA,.groupby,2,0.064,2.723,TRUE,NA,0.004,,FALSE,c6id.metal
ip-172-31-35-156,1755598804,1755598878.6923652,groupby,G1_1e7_1e2_5_0,10000000,median v3 sd v3 by id4 id5,9216,4,chdb,3.5.0,NA,.groupby,1,0.054,2.673,TRUE,NA,0.002,,FALSE,c6id.metal
ip-172-31-35-156,1755598804,1755598878.7518525,groupby,G1_1e7_1e2_5_0,10000000,median v3 sd v3 by id4 id5,9216,4,chdb,3.5.0,NA,.groupby,2,0.053,2.65,TRUE,NA,0.002,,FALSE,c6id.metal
ip-172-31-35-156,1755598804,1755598878.83924,groupby,G1_1e7_1e2_5_0,10000000,max v1 - min v2 by id3,95001,2,chdb,3.5.0,NA,.groupby,1,0.075,3.131,TRUE,NA,0.004,,FALSE,c6id.metal
ip-172-31-35-156,1755598804,1755598878.9256573,groupby,G1_1e7_1e2_5_0,10000000,max v1 - min v2 by id3,95001,2,chdb,3.5.0,NA,.groupby,2,0.078,3.32,TRUE,NA,0.003,,FALSE,c6id.metal
ip-172-31-35-156,1755598804,1755598879.0654488,groupby,G1_1e7_1e2_5_0,10000000,largest two v3 by id6,190002,2,chdb,3.5.0,NA,.groupby,1,0.127,3.347,TRUE,NA,0.003,,FALSE,c6id.metal
ip-172-31-35-156,1755598804,1755598879.199706,groupby,G1_1e7_1e2_5_0,10000000,largest two v3 by id6,190002,2,chdb,3.5.0,NA,.groupby,2,0.126,3.352,TRUE,NA,0.003,,FALSE,c6id.metal
ip-172-31-35-156,1755598804,1755598879.2700717,groupby,G1_1e7_1e2_5_0,10000000,regression v1 v2 by id2 id4,9216,3,chdb,3.5.0,NA,.groupby,1,0.058,3.281,TRUE,NA,0.004,,FALSE,c6id.metal
ip-172-31-35-156,1755598804,1755598879.3331325,groupby,G1_1e7_1e2_5_0,10000000,regression v1 v2 by id2 id4,9216,3,chdb,3.5.0,NA,.groupby,2,0.055,3.193,TRUE,NA,0.003,,FALSE,c6id.metal
ip-172-31-35-156,1755598804,1755598879.630886,groupby,G1_1e7_1e2_5_0,10000000,sum v3 count by id1:id6,9999993,8,chdb,3.5.0,NA,.groupby,1,0.282,4.587,TRUE,NA,0.007,,FALSE,c6id.metal
ip-172-31-35-156,1755598804,1755598879.897173,groupby,G1_1e7_1e2_5_0,10000000,sum v3 count by id1:id6,9999993,8,chdb,3.5.0,NA,.groupby,2,0.254,4.899,TRUE,NA,0.006,,FALSE,c6id.metal
ip-172-31-35-156,1755598804,1755598896.4143245,join,J1_1e7_NA_0_0,10000000,small inner on int,8998860,9,chdb,3.5.0,,.join,1,0.094,3.002,TRUE,NA,0.005,,FALSE,c6id.metal
ip-172-31-35-156,1755598804,1755598896.5094576,join,J1_1e7_NA_0_0,10000000,small inner on int,8998860,9,chdb,3.5.0,,.join,2,0.085,3.716,TRUE,NA,0.005,,FALSE,c6id.metal
ip-172-31-35-156,1755598804,1755598896.6314547,join,J1_1e7_NA_0_0,10000000,medium inner on int,8998412,11,chdb,3.5.0,,.join,1,0.108,4.662,TRUE,NA,0.004,,FALSE,c6id.metal
ip-172-31-35-156,1755598804,1755598896.769537,join,J1_1e7_NA_0_0,10000000,medium inner on int,8998412,11,chdb,3.5.0,,.join,2,0.109,5.537,TRUE,NA,0.025,,FALSE,c6id.metal
ip-172-31-35-156,1755598804,1755598896.9111814,join,J1_1e7_NA_0_0,10000000,medium outer on int,10000000,11,chdb,3.5.0,,.join,1,0.124,6.253,TRUE,NA,0.006,,FALSE,c6id.metal
ip-172-31-35-156,1755598804,1755598897.0552077,join,J1_1e7_NA_0_0,10000000,medium outer on int,10000000,11,chdb,3.5.0,,.join,2,0.134,7.245,TRUE,NA,0.005,,FALSE,c6id.metal
ip-172-31-35-156,1755598804,1755598897.188234,join,J1_1e7_NA_0_0,10000000,medium inner on factor,8998412,11,chdb,3.5.0,,.join,1,0.118,8.241,TRUE,NA,0.004,,FALSE,c6id.metal
ip-172-31-35-156,1755598804,1755598897.3081255,join,J1_1e7_NA_0_0,10000000,medium inner on factor,8998412,11,chdb,3.5.0,,.join,2,0.11,9.101,TRUE,NA,0.005,,FALSE,c6id.metal
ip-172-31-35-156,1755598804,1755598897.6764362,join,J1_1e7_NA_0_0,10000000,big inner on int,9000000,13,chdb,3.5.0,,.join,1,0.352,11.379,TRUE,NA,0.006,,FALSE,c6id.metal
ip-172-31-35-156,1755598804,1755598898.0167542,join,J1_1e7_NA_0_0,10000000,big inner on int,9000000,13,chdb,3.5.0,,.join,2,0.33,12.622,TRUE,NA,0.006,,FALSE,c6id.metal
ip-172-31-35-156,1755598804,1755598914.6935947,join,J1_1e7_NA_5_0,10000000,small inner on int,8998860,9,chdb,3.5.0,,.join,1,0.1,3.189,TRUE,NA,0.005,,FALSE,c6id.metal
ip-172-31-35-156,1755598804,1755598914.7969165,join,J1_1e7_NA_5_0,10000000,small inner on int,8998860,9,chdb,3.5.0,,.join,2,0.093,4.026,TRUE,NA,0.005,,FALSE,c6id.metal
ip-172-31-35-156,1755598804,1755598914.928394,join,J1_1e7_NA_5_0,10000000,medium inner on int,8547170,11,chdb,3.5.0,,.join,1,0.116,4.986,TRUE,NA,0.006,,FALSE,c6id.metal
ip-172-31-35-156,1755598804,1755598915.090183,join,J1_1e7_NA_5_0,10000000,medium inner on int,8547170,11,chdb,3.5.0,,.join,2,0.127,5.941,TRUE,NA,0.029,,FALSE,c6id.metal
ip-172-31-35-156,1755598804,1755598915.2381618,join,J1_1e7_NA_5_0,10000000,medium outer on int,10000000,11,chdb,3.5.0,,.join,1,0.131,6.785,TRUE,NA,0.005,,FALSE,c6id.metal
ip-172-31-35-156,1755598804,1755598915.3936028,join,J1_1e7_NA_5_0,10000000,medium outer on int,10000000,11,chdb,3.5.0,,.join,2,0.146,7.861,TRUE,NA,0.005,,FALSE,c6id.metal
ip-172-31-35-156,1755598804,1755598915.539877,join,J1_1e7_NA_5_0,10000000,medium inner on factor,8547170,11,chdb,3.5.0,,.join,1,0.13,8.941,TRUE,NA,0.005,,FALSE,c6id.metal
ip-172-31-35-156,1755598804,1755598915.6623783,join,J1_1e7_NA_5_0,10000000,medium inner on factor,8547170,11,chdb,3.5.0,,.join,2,0.111,9.768,TRUE,NA,0.007,,FALSE,c6id.metal
ip-172-31-35-156,1755598804,1755598916.0804365,join,J1_1e7_NA_5_0,10000000,big inner on int,8550110,13,chdb,3.5.0,,.join,1,0.401,12.073,TRUE,NA,0.006,,FALSE,c6id.metal
ip-172-31-35-156,1755598804,1755598916.4486167,join,J1_1e7_NA_5_0,10000000,big inner on int,8550110,13,chdb,3.5.0,,.join,2,0.357,13.368,TRUE,NA,0.005,,FALSE,c6id.metal
ip-172-31-35-156,1755598804,1755598933.0354452,join,J1_1e7_NA_0_1,10000000,small inner on int,8998860,9,chdb,3.5.0,,.join,1,0.108,2.805,TRUE,NA,0.006,,FALSE,c6id.metal
ip-172-31-35-156,1755598804,1755598933.1409562,join,J1_1e7_NA_0_1,10000000,small inner on int,8998860,9,chdb,3.5.0,,.join,2,0.095,3.54,TRUE,NA,0.006,,FALSE,c6id.metal
ip-172-31-35-156,1755598804,1755598933.2752705,join,J1_1e7_NA_0_1,10000000,medium inner on int,8998412,11,chdb,3.5.0,,.join,1,0.121,4.629,TRUE,NA,0.004,,FALSE,c6id.metal
ip-172-31-35-156,1755598804,1755598933.41136,join,J1_1e7_NA_0_1,10000000,medium inner on int,8998412,11,chdb,3.5.0,,.join,2,0.107,5.555,TRUE,NA,0.024,,FALSE,c6id.metal
ip-172-31-35-156,1755598804,1755598933.5531301,join,J1_1e7_NA_0_1,10000000,medium outer on int,10000000,11,chdb,3.5.0,,.join,1,0.126,6.313,TRUE,NA,0.005,,FALSE,c6id.metal
ip-172-31-35-156,1755598804,1755598933.7035828,join,J1_1e7_NA_0_1,10000000,medium outer on int,10000000,11,chdb,3.5.0,,.join,2,0.14,7.285,TRUE,NA,0.005,,FALSE,c6id.metal
ip-172-31-35-156,1755598804,1755598933.8462095,join,J1_1e7_NA_0_1,10000000,medium inner on factor,8998412,11,chdb,3.5.0,,.join,1,0.127,8.263,TRUE,NA,0.005,,FALSE,c6id.metal
ip-172-31-35-156,1755598804,1755598933.960989,join,J1_1e7_NA_0_1,10000000,medium inner on factor,8998412,11,chdb,3.5.0,,.join,2,0.106,9.108,TRUE,NA,0.004,,FALSE,c6id.metal
ip-172-31-35-156,1755598804,1755598934.320922,join,J1_1e7_NA_0_1,10000000,big inner on int,9000000,13,chdb,3.5.0,,.join,1,0.344,11.326,TRUE,NA,0.005,,FALSE,c6id.metal
ip-172-31-35-156,1755598804,1755598934.6480813,join,J1_1e7_NA_0_1,10000000,big inner on int,9000000,13,chdb,3.5.0,,.join,2,0.317,12.589,TRUE,NA,0.006,,FALSE,c6id.metal
ip-172-31-35-156,1755598966,1755598970.6693006,groupby,G1_1e8_1e2_0_0,100000000,sum v1 by id1,100,2,chdb,3.5.0,NA,.groupby,1,0.038,5.503,TRUE,NA,0.001,,FALSE,c6id.metal
ip-172-31-35-156,1755598966,1755598970.7118118,groupby,G1_1e8_1e2_0_0,100000000,sum v1 by id1,100,2,chdb,3.5.0,NA,.groupby,2,0.037,5.505,TRUE,NA,0.002,,FALSE,c6id.metal
ip-172-31-35-156,1755598966,1755598970.8988554,groupby,G1_1e8_1e2_0_0,100000000,sum v1 by id1:id2,10000,3,chdb,3.5.0,NA,.groupby,1,0.178,5.783,TRUE,NA,0.003,,FALSE,c6id.metal
ip-172-31-35-156,1755598966,1755598971.1139467,groupby,G1_1e8_1e2_0_0,100000000,sum v1 by id1:id2,10000,3,chdb,3.5.0,NA,.groupby,2,0.185,5.782,TRUE,NA,0.025,,FALSE,c6id.metal
ip-172-31-35-156,1755598966,1755598971.556977,groupby,G1_1e8_1e2_0_0,100000000,sum v1 mean v3 by id3,1000000,3,chdb,3.5.0,NA,.groupby,1,0.433,10.245,TRUE,NA,0.003,,FALSE,c6id.metal
ip-172-31-35-156,1755598966,1755598971.971886,groupby,G1_1e8_1e2_0_0,100000000,sum v1 mean v3 by id3,1000000,3,chdb,3.5.0,NA,.groupby,2,0.407,11.888,TRUE,NA,0.004,,FALSE,c6id.metal
ip-172-31-35-156,1755598966,1755598972.0286212,groupby,G1_1e8_1e2_0_0,100000000,mean v1:v3 by id4,100,4,chdb,3.5.0,NA,.groupby,1,0.045,11.854,TRUE,NA,0.004,,FALSE,c6id.metal
ip-172-31-35-156,1755598966,1755598972.0753324,groupby,G1_1e8_1e2_0_0,100000000,mean v1:v3 by id4,100,4,chdb,3.5.0,NA,.groupby,2,0.038,11.816,TRUE,NA,0.004,,FALSE,c6id.metal
ip-172-31-35-156,1755598966,1755598972.4431024,groupby,G1_1e8_1e2_0_0,100000000,sum v1:v3 by id6,1000000,4,chdb,3.5.0,NA,.groupby,1,0.355,13.278,TRUE,NA,0.006,,FALSE,c6id.metal
ip-172-31-35-156,1755598966,1755598972.7476947,groupby,G1_1e8_1e2_0_0,100000000,sum v1:v3 by id6,1000000,4,chdb,3.5.0,NA,.groupby,2,0.296,13.292,TRUE,NA,0.004,,FALSE,c6id.metal
ip-172-31-35-156,1755598966,1755598972.951257,groupby,G1_1e8_1e2_0_0,100000000,median v3 sd v3 by id4 id5,10000,4,chdb,3.5.0,NA,.groupby,1,0.192,13.339,TRUE,NA,0.003,,FALSE,c6id.metal
ip-172-31-35-156,1755598966,1755598973.1526384,groupby,G1_1e8_1e2_0_0,100000000,median v3 sd v3 by id4 id5,10000,4,chdb,3.5.0,NA,.groupby,2,0.194,13.688,TRUE,NA,0.003,,FALSE,c6id.metal
ip-172-31-35-156,1755598966,1755598973.574054,groupby,G1_1e8_1e2_0_0,100000000,max v1 - min v2 by id3,1000000,2,chdb,3.5.0,NA,.groupby,1,0.409,13.956,TRUE,NA,0.004,,FALSE,c6id.metal
ip-172-31-35-156,1755598966,1755598973.987618,groupby,G1_1e8_1e2_0_0,100000000,max v1 - min v2 by id3,1000000,2,chdb,3.5.0,NA,.groupby,2,0.406,13.901,TRUE,NA,0.003,,FALSE,c6id.metal
ip-172-31-35-156,1755598966,1755598974.62177,groupby,G1_1e8_1e2_0_0,100000000,largest two v3 by id6,2000000,2,chdb,3.5.0,NA,.groupby,1,0.62,16.9,TRUE,NA,0.007,,FALSE,c6id.metal
ip-172-31-35-156,1755598966,1755598975.1890817,groupby,G1_1e8_1e2_0_0,100000000,largest two v3 by id6,2000000,2,chdb,3.5.0,NA,.groupby,2,0.559,16.273,TRUE,NA,0.004,,FALSE,c6id.metal
ip-172-31-35-156,1755598966,1755598975.393095,groupby,G1_1e8_1e2_0_0,100000000,regression v1 v2 by id2 id4,10000,3,chdb,3.5.0,NA,.groupby,1,0.194,15.086,TRUE,NA,0.002,,FALSE,c6id.metal
ip-172-31-35-156,1755598966,1755598975.590297,groupby,G1_1e8_1e2_0_0,100000000,regression v1 v2 by id2 id4,10000,3,chdb,3.5.0,NA,.groupby,2,0.172,14.483,TRUE,NA,0.02,,FALSE,c6id.metal
ip-172-31-35-156,1755598966,1755598977.6031954,groupby,G1_1e8_1e2_0_0,100000000,sum v3 count by id1:id6,100000000,8,chdb,3.5.0,NA,.groupby,1,1.99,21.668,TRUE,NA,0.015,,FALSE,c6id.metal
ip-172-31-35-156,1755598966,1755598979.441483,groupby,G1_1e8_1e2_0_0,100000000,sum v3 count by id1:id6,100000000,8,chdb,3.5.0,NA,.groupby,2,1.82,26.639,TRUE,NA,0.013,,FALSE,c6id.metal
ip-172-31-35-156,1755598966,1755598998.2517033,groupby,G1_1e8_1e1_0_0,100000000,sum v1 by id1,10,2,chdb,3.5.0,NA,.groupby,1,0.036,5.531,TRUE,NA,0.002,,FALSE,c6id.metal
ip-172-31-35-156,1755598966,1755598998.2949967,groupby,G1_1e8_1e1_0_0,100000000,sum v1 by id1,10,2,chdb,3.5.0,NA,.groupby,2,0.037,5.534,TRUE,NA,0.001,,FALSE,c6id.metal
ip-172-31-35-156,1755598966,1755598998.4031053,groupby,G1_1e8_1e1_0_0,100000000,sum v1 by id1:id2,100,3,chdb,3.5.0,NA,.groupby,1,0.099,5.673,TRUE,NA,0.003,,FALSE,c6id.metal
ip-172-31-35-156,1755598966,1755598998.5293465,groupby,G1_1e8_1e1_0_0,100000000,sum v1 by id1:id2,100,3,chdb,3.5.0,NA,.groupby,2,0.098,5.679,TRUE,NA,0.023,,FALSE,c6id.metal
ip-172-31-35-156,1755598966,1755598999.3797324,groupby,G1_1e8_1e1_0_0,100000000,sum v1 mean v3 by id3,9999602,3,chdb,3.5.0,NA,.groupby,1,0.837,14.719,TRUE,NA,0.006,,FALSE,c6id.metal
ip-172-31-35-156,1755598966,1755599000.1452205,groupby,G1_1e8_1e1_0_0,100000000,sum v1 mean v3 by id3,9999602,3,chdb,3.5.0,NA,.groupby,2,0.755,17.397,TRUE,NA,0.006,,FALSE,c6id.metal
ip-172-31-35-156,1755598966,1755599000.2129066,groupby,G1_1e8_1e1_0_0,100000000,mean v1:v3 by id4,10,4,chdb,3.5.0,NA,.groupby,1,0.056,17.268,TRUE,NA,0.003,,FALSE,c6id.metal
ip-172-31-35-156,1755598966,1755599000.2636862,groupby,G1_1e8_1e1_0_0,100000000,mean v1:v3 by id4,10,4,chdb,3.5.0,NA,.groupby,2,0.043,17.131,TRUE,NA,0.003,,FALSE,c6id.metal
ip-172-31-35-156,1755598966,1755599000.839415,groupby,G1_1e8_1e1_0_0,100000000,sum v1:v3 by id6,9999538,4,chdb,3.5.0,NA,.groupby,1,0.56,17.689,TRUE,NA,0.009,,FALSE,c6id.metal
ip-172-31-35-156,1755598966,1755599001.3580632,groupby,G1_1e8_1e1_0_0,100000000,sum v1:v3 by id6,9999538,4,chdb,3.5.0,NA,.groupby,2,0.507,17.45,TRUE,NA,0.007,,FALSE,c6id.metal
ip-172-31-35-156,1755598966,1755599001.4870605,groupby,G1_1e8_1e1_0_0,100000000,median v3 sd v3 by id4 id5,100,4,chdb,3.5.0,NA,.groupby,1,0.118,16.489,TRUE,NA,0.003,,FALSE,c6id.metal
ip-172-31-35-156,1755598966,1755599001.5996668,groupby,G1_1e8_1e1_0_0,100000000,median v3 sd v3 by id4 id5,100,4,chdb,3.5.0,NA,.groupby,2,0.104,15.796,TRUE,NA,0.004,,FALSE,c6id.metal
ip-172-31-35-156,1755598966,1755599002.3685694,groupby,G1_1e8_1e1_0_0,100000000,max v1 - min v2 by id3,9999602,2,chdb,3.5.0,NA,.groupby,1,0.756,16.997,TRUE,NA,0.006,,FALSE,c6id.metal
ip-172-31-35-156,1755598966,1755599003.1218615,groupby,G1_1e8_1e1_0_0,100000000,max v1 - min v2 by id3,9999602,2,chdb,3.5.0,NA,.groupby,2,0.735,16.615,TRUE,NA,0.014,,FALSE,c6id.metal
ip-172-31-35-156,1755598966,1755599004.0092533,groupby,G1_1e8_1e1_0_0,100000000,largest two v3 by id6,19994518,2,chdb,3.5.0,NA,.groupby,1,0.872,20.016,TRUE,NA,0.006,,FALSE,c6id.metal
ip-172-31-35-156,1755598966,1755599004.8658597,groupby,G1_1e8_1e1_0_0,100000000,largest two v3 by id6,19994518,2,chdb,3.5.0,NA,.groupby,2,0.846,20.699,TRUE,NA,0.006,,FALSE,c6id.metal
ip-172-31-35-156,1755598966,1755599004.971105,groupby,G1_1e8_1e1_0_0,100000000,regression v1 v2 by id2 id4,100,3,chdb,3.5.0,NA,.groupby,1,0.09,20.143,TRUE,NA,0.003,,FALSE,c6id.metal
ip-172-31-35-156,1755598966,1755599005.077563,groupby,G1_1e8_1e1_0_0,100000000,regression v1 v2 by id2 id4,100,3,chdb,3.5.0,NA,.groupby,2,0.08,19.862,TRUE,NA,0.021,,FALSE,c6id.metal
ip-172-31-35-156,1755598966,1755599007.0275068,groupby,G1_1e8_1e1_0_0,100000000,sum v3 count by id1:id6,100000000,8,chdb,3.5.0,NA,.groupby,1,1.928,24.381,TRUE,NA,0.014,,FALSE,c6id.metal
ip-172-31-35-156,1755598966,1755599008.8984199,groupby,G1_1e8_1e1_0_0,100000000,sum v3 count by id1:id6,100000000,8,chdb,3.5.0,NA,.groupby,2,1.849,28.683,TRUE,NA,0.016,,FALSE,c6id.metal
ip-172-31-35-156,1755598966,1755599028.2218258,groupby,G1_1e8_2e0_0_0,100000000,sum v1 by id1,2,2,chdb,3.5.0,NA,.groupby,1,0.036,5.521,TRUE,NA,0.002,,FALSE,c6id.metal
ip-172-31-35-156,1755598966,1755599028.2625446,groupby,G1_1e8_2e0_0_0,100000000,sum v1 by id1,2,2,chdb,3.5.0,NA,.groupby,2,0.035,5.523,TRUE,NA,0.002,,FALSE,c6id.metal
ip-172-31-35-156,1755598966,1755599028.369308,groupby,G1_1e8_2e0_0_0,100000000,sum v1 by id1:id2,4,3,chdb,3.5.0,NA,.groupby,1,0.098,5.666,TRUE,NA,0.003,,FALSE,c6id.metal
ip-172-31-35-156,1755598966,1755599028.4994235,groupby,G1_1e8_2e0_0_0,100000000,sum v1 by id1:id2,4,3,chdb,3.5.0,NA,.groupby,2,0.101,5.667,TRUE,NA,0.025,,FALSE,c6id.metal
ip-172-31-35-156,1755598966,1755599029.4540308,groupby,G1_1e8_2e0_0_0,100000000,sum v1 mean v3 by id3,43233017,3,chdb,3.5.0,NA,.groupby,1,0.939,15.766,TRUE,NA,0.008,,FALSE,c6id.metal
ip-172-31-35-156,1755598966,1755599030.337378,groupby,G1_1e8_2e0_0_0,100000000,sum v1 mean v3 by id3,43233017,3,chdb,3.5.0,NA,.groupby,2,0.87,19.485,TRUE,NA,0.008,,FALSE,c6id.metal
ip-172-31-35-156,1755598966,1755599030.3940825,groupby,G1_1e8_2e0_0_0,100000000,mean v1:v3 by id4,2,4,chdb,3.5.0,NA,.groupby,1,0.044,19.41,TRUE,NA,0.003,,FALSE,c6id.metal
ip-172-31-35-156,1755598966,1755599030.444972,groupby,G1_1e8_2e0_0_0,100000000,mean v1:v3 by id4,2,4,chdb,3.5.0,NA,.groupby,2,0.039,19.366,TRUE,NA,0.006,,FALSE,c6id.metal
ip-172-31-35-156,1755598966,1755599031.093945,groupby,G1_1e8_2e0_0_0,100000000,sum v1:v3 by id6,43238066,4,chdb,3.5.0,NA,.groupby,1,0.63,19.445,TRUE,NA,0.011,,FALSE,c6id.metal
ip-172-31-35-156,1755598966,1755599031.6975179,groupby,G1_1e8_2e0_0_0,100000000,sum v1:v3 by id6,43238066,4,chdb,3.5.0,NA,.groupby,2,0.589,19.506,TRUE,NA,0.009,,FALSE,c6id.metal
ip-172-31-35-156,1755598966,1755599032.1563244,groupby,G1_1e8_2e0_0_0,100000000,median v3 sd v3 by id4 id5,4,4,chdb,3.5.0,NA,.groupby,1,0.444,20.524,TRUE,NA,0.006,,FALSE,c6id.metal
ip-172-31-35-156,1755598966,1755599032.5898292,groupby,G1_1e8_2e0_0_0,100000000,median v3 sd v3 by id4 id5,4,4,chdb,3.5.0,NA,.groupby,2,0.424,20.735,TRUE,NA,0.004,,FALSE,c6id.metal
ip-172-31-35-156,1755598966,1755599033.5154557,groupby,G1_1e8_2e0_0_0,100000000,max v1 - min v2 by id3,43233017,2,chdb,3.5.0,NA,.groupby,1,0.907,22.159,TRUE,NA,0.011,,FALSE,c6id.metal
ip-172-31-35-156,1755598966,1755599034.3827777,groupby,G1_1e8_2e0_0_0,100000000,max v1 - min v2 by id3,43233017,2,chdb,3.5.0,NA,.groupby,2,0.856,23.937,TRUE,NA,0.006,,FALSE,c6id.metal
ip-172-31-35-156,1755598966,1755599035.3468115,groupby,G1_1e8_2e0_0_0,100000000,largest two v3 by id6,72939140,2,chdb,3.5.0,NA,.groupby,1,0.95,28.041,TRUE,NA,0.006,,FALSE,c6id.metal
ip-172-31-35-156,1755598966,1755599036.201881,groupby,G1_1e8_2e0_0_0,100000000,largest two v3 by id6,72939140,2,chdb,3.5.0,NA,.groupby,2,0.84,28.73,TRUE,NA,0.01,,FALSE,c6id.metal
ip-172-31-35-156,1755598966,1755599036.29774,groupby,G1_1e8_2e0_0_0,100000000,regression v1 v2 by id2 id4,4,3,chdb,3.5.0,NA,.groupby,1,0.079,28.184,TRUE,NA,0.003,,FALSE,c6id.metal
ip-172-31-35-156,1755598966,1755599036.4159467,groupby,G1_1e8_2e0_0_0,100000000,regression v1 v2 by id2 id4,4,3,chdb,3.5.0,NA,.groupby,2,0.091,27.685,TRUE,NA,0.022,,FALSE,c6id.metal
ip-172-31-35-156,1755598966,1755599038.4026613,groupby,G1_1e8_2e0_0_0,100000000,sum v3 count by id1:id6,100000000,8,chdb,3.5.0,NA,.groupby,1,1.964,34.341,TRUE,NA,0.014,,FALSE,c6id.metal
ip-172-31-35-156,1755598966,1755599040.3198907,groupby,G1_1e8_2e0_0_0,100000000,sum v3 count by id1:id6,100000000,8,chdb,3.5.0,NA,.groupby,2,1.89,39.088,TRUE,NA,0.019,,FALSE,c6id.metal
ip-172-31-35-156,1755598966,1755599059.401486,groupby,G1_1e8_1e2_0_1,100000000,sum v1 by id1,100,2,chdb,3.5.0,NA,.groupby,1,0.036,5.54,TRUE,NA,0.002,,FALSE,c6id.metal
ip-172-31-35-156,1755598966,1755599059.4459271,groupby,G1_1e8_1e2_0_1,100000000,sum v1 by id1,100,2,chdb,3.5.0,NA,.groupby,2,0.038,5.54,TRUE,NA,0.002,,FALSE,c6id.metal
ip-172-31-35-156,1755598966,1755599059.5561323,groupby,G1_1e8_1e2_0_1,100000000,sum v1 by id1:id2,10000,3,chdb,3.5.0,NA,.groupby,1,0.099,5.684,TRUE,NA,0.003,,FALSE,c6id.metal
ip-172-31-35-156,1755598966,1755599059.6884634,groupby,G1_1e8_1e2_0_1,100000000,sum v1 by id1:id2,10000,3,chdb,3.5.0,NA,.groupby,2,0.102,5.695,TRUE,NA,0.025,,FALSE,c6id.metal
ip-172-31-35-156,1755598966,1755599060.1365726,groupby,G1_1e8_1e2_0_1,100000000,sum v1 mean v3 by id3,1000000,3,chdb,3.5.0,NA,.groupby,1,0.436,10.281,TRUE,NA,0.003,,FALSE,c6id.metal
ip-172-31-35-156,1755598966,1755599060.558853,groupby,G1_1e8_1e2_0_1,100000000,sum v1 mean v3 by id3,1000000,3,chdb,3.5.0,NA,.groupby,2,0.412,12.073,TRUE,NA,0.005,,FALSE,c6id.metal
ip-172-31-35-156,1755598966,1755599060.616323,groupby,G1_1e8_1e2_0_1,100000000,mean v1:v3 by id4,100,4,chdb,3.5.0,NA,.groupby,1,0.047,12.049,TRUE,NA,0.002,,FALSE,c6id.metal
ip-172-31-35-156,1755598966,1755599060.6648052,groupby,G1_1e8_1e2_0_1,100000000,mean v1:v3 by id4,100,4,chdb,3.5.0,NA,.groupby,2,0.039,11.996,TRUE,NA,0.004,,FALSE,c6id.metal
ip-172-31-35-156,1755598966,1755599061.0382993,groupby,G1_1e8_1e2_0_1,100000000,sum v1:v3 by id6,1000000,4,chdb,3.5.0,NA,.groupby,1,0.36,13.769,TRUE,NA,0.005,,FALSE,c6id.metal
ip-172-31-35-156,1755598966,1755599061.3423355,groupby,G1_1e8_1e2_0_1,100000000,sum v1:v3 by id6,1000000,4,chdb,3.5.0,NA,.groupby,2,0.294,13.587,TRUE,NA,0.005,,FALSE,c6id.metal
ip-172-31-35-156,1755598966,1755599061.5452378,groupby,G1_1e8_1e2_0_1,100000000,median v3 sd v3 by id4 id5,10000,4,chdb,3.5.0,NA,.groupby,1,0.192,13.595,TRUE,NA,0.002,,FALSE,c6id.metal
ip-172-31-35-156,1755598966,1755599061.747974,groupby,G1_1e8_1e2_0_1,100000000,median v3 sd v3 by id4 id5,10000,4,chdb,3.5.0,NA,.groupby,2,0.194,14.094,TRUE,NA,0.003,,FALSE,c6id.metal
ip-172-31-35-156,1755598966,1755599062.1965208,groupby,G1_1e8_1e2_0_1,100000000,max v1 - min v2 by id3,1000000,2,chdb,3.5.0,NA,.groupby,1,0.436,14.398,TRUE,NA,0.005,,FALSE,c6id.metal
ip-172-31-35-156,1755598966,1755599062.6225028,groupby,G1_1e8_1e2_0_1,100000000,max v1 - min v2 by id3,1000000,2,chdb,3.5.0,NA,.groupby,2,0.418,14.293,TRUE,NA,0.003,,FALSE,c6id.metal
ip-172-31-35-156,1755598966,1755599063.2839015,groupby,G1_1e8_1e2_0_1,100000000,largest two v3 by id6,2000000,2,chdb,3.5.0,NA,.groupby,1,0.649,17.038,TRUE,NA,0.004,,FALSE,c6id.metal
ip-172-31-35-156,1755598966,1755599063.8566852,groupby,G1_1e8_1e2_0_1,100000000,largest two v3 by id6,2000000,2,chdb,3.5.0,NA,.groupby,2,0.563,16.619,TRUE,NA,0.005,,FALSE,c6id.metal
ip-172-31-35-156,1755598966,1755599063.993114,groupby,G1_1e8_1e2_0_1,100000000,regression v1 v2 by id2 id4,10000,3,chdb,3.5.0,NA,.groupby,1,0.124,15.3,TRUE,NA,0.003,,FALSE,c6id.metal
ip-172-31-35-156,1755598966,1755599064.113548,groupby,G1_1e8_1e2_0_1,100000000,regression v1 v2 by id2 id4,10000,3,chdb,3.5.0,NA,.groupby,2,0.093,14.786,TRUE,NA,0.022,,FALSE,c6id.metal
ip-172-31-35-156,1755598966,1755599066.0245745,groupby,G1_1e8_1e2_0_1,100000000,sum v3 count by id1:id6,100000000,8,chdb,3.5.0,NA,.groupby,1,1.881,22.708,TRUE,NA,0.022,,FALSE,c6id.metal
ip-172-31-35-156,1755598966,1755599067.8561099,groupby,G1_1e8_1e2_0_1,100000000,sum v3 count by id1:id6,100000000,8,chdb,3.5.0,NA,.groupby,2,1.81,26.662,TRUE,NA,0.015,,FALSE,c6id.metal
ip-172-31-35-156,1755598966,1755599088.0543222,groupby,G1_1e8_1e2_5_0,100000000,sum v1 by id1,96,2,chdb,3.5.0,NA,.groupby,1,0.04,6.144,TRUE,NA,0.002,,FALSE,c6id.metal
ip-172-31-35-156,1755598966,1755599088.0937243,groupby,G1_1e8_1e2_5_0,100000000,sum v1 by id1,96,2,chdb,3.5.0,NA,.groupby,2,0.033,6.142,TRUE,NA,0.002,,FALSE,c6id.metal
ip-172-31-35-156,1755598966,1755599088.3047497,groupby,G1_1e8_1e2_5_0,100000000,sum v1 by id1:id2,9216,3,chdb,3.5.0,NA,.groupby,1,0.202,6.387,TRUE,NA,0.003,,FALSE,c6id.metal
ip-172-31-35-156,1755598966,1755599088.5219808,groupby,G1_1e8_1e2_5_0,100000000,sum v1 by id1:id2,9216,3,chdb,3.5.0,NA,.groupby,2,0.19,6.384,TRUE,NA,0.023,,FALSE,c6id.metal
ip-172-31-35-156,1755598966,1755599089.0395045,groupby,G1_1e8_1e2_5_0,100000000,sum v1 mean v3 by id3,950001,3,chdb,3.5.0,NA,.groupby,1,0.506,11.584,TRUE,NA,0.004,,FALSE,c6id.metal
ip-172-31-35-156,1755598966,1755599089.5040936,groupby,G1_1e8_1e2_5_0,100000000,sum v1 mean v3 by id3,950001,3,chdb,3.5.0,NA,.groupby,2,0.456,13.152,TRUE,NA,0.004,,FALSE,c6id.metal
ip-172-31-35-156,1755598966,1755599089.5751412,groupby,G1_1e8_1e2_5_0,100000000,mean v1:v3 by id4,96,4,chdb,3.5.0,NA,.groupby,1,0.061,13.049,TRUE,NA,0.003,,FALSE,c6id.metal
ip-172-31-35-156,1755598966,1755599089.633852,groupby,G1_1e8_1e2_5_0,100000000,mean v1:v3 by id4,96,4,chdb,3.5.0,NA,.groupby,2,0.051,13.018,TRUE,NA,0.003,,FALSE,c6id.metal
ip-172-31-35-156,1755598966,1755599090.1269019,groupby,G1_1e8_1e2_5_0,100000000,sum v1:v3 by id6,950001,4,chdb,3.5.0,NA,.groupby,1,0.481,14.601,TRUE,NA,0.005,,FALSE,c6id.metal
ip-172-31-35-156,1755598966,1755599090.5406313,groupby,G1_1e8_1e2_5_0,100000000,sum v1:v3 by id6,950001,4,chdb,3.5.0,NA,.groupby,2,0.404,14.314,TRUE,NA,0.005,,FALSE,c6id.metal
ip-172-31-35-156,1755598966,1755599090.7687097,groupby,G1_1e8_1e2_5_0,100000000,median v3 sd v3 by id4 id5,9216,4,chdb,3.5.0,NA,.groupby,1,0.218,14.604,TRUE,NA,0.002,,FALSE,c6id.metal
ip-172-31-35-156,1755598966,1755599090.9865193,groupby,G1_1e8_1e2_5_0,100000000,median v3 sd v3 by id4 id5,9216,4,chdb,3.5.0,NA,.groupby,2,0.211,14.86,TRUE,NA,0.002,,FALSE,c6id.metal
ip-172-31-35-156,1755598966,1755599091.465072,groupby,G1_1e8_1e2_5_0,100000000,max v1 - min v2 by id3,950001,2,chdb,3.5.0,NA,.groupby,1,0.465,15.953,TRUE,NA,0.005,,FALSE,c6id.metal
ip-172-31-35-156,1755598966,1755599091.9489162,groupby,G1_1e8_1e2_5_0,100000000,max v1 - min v2 by id3,950001,2,chdb,3.5.0,NA,.groupby,2,0.475,16.012,TRUE,NA,0.004,,FALSE,c6id.metal
ip-172-31-35-156,1755598966,1755599093.309309,groupby,G1_1e8_1e2_5_0,100000000,largest two v3 by id6,1900002,2,chdb,3.5.0,NA,.groupby,1,1.34,17.771,TRUE,NA,0.012,,FALSE,c6id.metal
ip-172-31-35-156,1755598966,1755599094.58824,groupby,G1_1e8_1e2_5_0,100000000,largest two v3 by id6,1900002,2,chdb,3.5.0,NA,.groupby,2,1.262,16.106,TRUE,NA,0.012,,FALSE,c6id.metal
ip-172-31-35-156,1755598966,1755599094.8106523,groupby,G1_1e8_1e2_5_0,100000000,regression v1 v2 by id2 id4,9216,3,chdb,3.5.0,NA,.groupby,1,0.211,14.152,TRUE,NA,0.002,,FALSE,c6id.metal
ip-172-31-35-156,1755598966,1755599095.0095022,groupby,G1_1e8_1e2_5_0,100000000,regression v1 v2 by id2 id4,9216,3,chdb,3.5.0,NA,.groupby,2,0.193,13.085,TRUE,NA,0.002,,FALSE,c6id.metal
ip-172-31-35-156,1755598966,1755599097.0775628,groupby,G1_1e8_1e2_5_0,100000000,sum v3 count by id1:id6,99999338,8,chdb,3.5.0,NA,.groupby,1,2.044,23.874,TRUE,NA,0.016,,FALSE,c6id.metal
ip-172-31-35-156,1755598966,1755599099.197428,groupby,G1_1e8_1e2_5_0,100000000,sum v3 count by id1:id6,99999338,8,chdb,3.5.0,NA,.groupby,2,2.098,29.42,TRUE,NA,0.014,,FALSE,c6id.metal
ip-172-31-35-156,1755598966,1755599121.2419631,join,J1_1e8_NA_0_0,100000000,small inner on int,89997128,9,chdb,3.5.0,,.join,1,0.522,22.018,TRUE,NA,0.015,,FALSE,c6id.metal
ip-172-31-35-156,1755598966,1755599121.7304127,join,J1_1e8_NA_0_0,100000000,small inner on int,89997128,9,chdb,3.5.0,,.join,2,0.47,29.903,TRUE,NA,0.013,,FALSE,c6id.metal
ip-172-31-35-156,1755598966,1755599122.4740157,join,J1_1e8_NA_0_0,100000000,medium inner on int,89995511,11,chdb,3.5.0,,.join,1,0.719,39.716,TRUE,NA,0.012,,FALSE,c6id.metal
ip-172-31-35-156,1755598966,1755599123.2267702,join,J1_1e8_NA_0_0,100000000,medium inner on int,89995511,11,chdb,3.5.0,,.join,2,0.711,49.213,TRUE,NA,0.036,,FALSE,c6id.metal
ip-172-31-35-156,1755598966,1755599124.1391218,join,J1_1e8_NA_0_0,100000000,medium outer on int,100000000,11,chdb,3.5.0,,.join,1,0.873,59.453,TRUE,NA,0.027,,FALSE,c6id.metal
ip-172-31-35-156,1755598966,1755599125.1048915,join,J1_1e8_NA_0_0,100000000,medium outer on int,100000000,11,chdb,3.5.0,,.join,2,0.935,69.79,TRUE,NA,0.025,,FALSE,c6id.metal
ip-172-31-35-156,1755598966,1755599125.8215833,join,J1_1e8_NA_0_0,100000000,medium inner on factor,89995511,11,chdb,3.5.0,,.join,1,0.689,78.324,TRUE,NA,0.015,,FALSE,c6id.metal
ip-172-31-35-156,1755598966,1755599126.4891195,join,J1_1e8_NA_0_0,100000000,medium inner on factor,89995511,11,chdb,3.5.0,,.join,2,0.648,86.807,TRUE,NA,0.014,,FALSE,c6id.metal
ip-172-31-35-156,1755598966,1755599129.3543494,join,J1_1e8_NA_0_0,100000000,big inner on int,90000000,13,chdb,3.5.0,,.join,1,2.836,106.181,TRUE,NA,0.015,,FALSE,c6id.metal
ip-172-31-35-156,1755598966,1755599131.676319,join,J1_1e8_NA_0_0,100000000,big inner on int,90000000,13,chdb,3.5.0,,.join,2,2.302,117.37,TRUE,NA,0.015,,FALSE,c6id.metal
ip-172-31-35-156,1755598966,1755599155.6580613,join,J1_1e8_NA_5_0,100000000,small inner on int,85996086,9,chdb,3.5.0,,.join,1,0.591,23.727,TRUE,NA,0.014,,FALSE,c6id.metal
ip-172-31-35-156,1755598966,1755599156.186908,join,J1_1e8_NA_5_0,100000000,small inner on int,85996086,9,chdb,3.5.0,,.join,2,0.511,31.968,TRUE,NA,0.013,,FALSE,c6id.metal
ip-172-31-35-156,1755598966,1755599157.0249224,join,J1_1e8_NA_5_0,100000000,medium inner on int,85508174,11,chdb,3.5.0,,.join,1,0.812,41.952,TRUE,NA,0.014,,FALSE,c6id.metal
ip-172-31-35-156,1755598966,1755599157.867633,join,J1_1e8_NA_5_0,100000000,medium inner on int,85508174,11,chdb,3.5.0,,.join,2,0.802,52.112,TRUE,NA,0.036,,FALSE,c6id.metal
ip-172-31-35-156,1755598966,1755599158.8305113,join,J1_1e8_NA_5_0,100000000,medium outer on int,100000000,11,chdb,3.5.0,,.join,1,0.924,63.067,TRUE,NA,0.027,,FALSE,c6id.metal
ip-172-31-35-156,1755598966,1755599159.8380637,join,J1_1e8_NA_5_0,100000000,medium outer on int,100000000,11,chdb,3.5.0,,.join,2,0.977,74.372,TRUE,NA,0.025,,FALSE,c6id.metal
ip-172-31-35-156,1755598966,1755599160.6270351,join,J1_1e8_NA_5_0,100000000,medium inner on factor,85508174,11,chdb,3.5.0,,.join,1,0.761,83.378,TRUE,NA,0.013,,FALSE,c6id.metal
ip-172-31-35-156,1755598966,1755599161.3986578,join,J1_1e8_NA_5_0,100000000,medium inner on factor,85508174,11,chdb,3.5.0,,.join,2,0.753,92.504,TRUE,NA,0.014,,FALSE,c6id.metal
ip-172-31-35-156,1755598966,1755599164.678559,join,J1_1e8_NA_5_0,100000000,big inner on int,85499801,13,chdb,3.5.0,,.join,1,3.254,112.168,TRUE,NA,0.013,,FALSE,c6id.metal
ip-172-31-35-156,1755598966,1755599167.643307,join,J1_1e8_NA_5_0,100000000,big inner on int,85499801,13,chdb,3.5.0,,.join,2,2.942,123.93,TRUE,NA,0.016,,FALSE,c6id.metal
ip-172-31-35-156,1755598966,1755599192.4807324,join,J1_1e8_NA_0_1,100000000,small inner on int,89997128,9,chdb,3.5.0,,.join,1,0.555,21.791,TRUE,NA,0.022,,FALSE,c6id.metal
ip-172-31-35-156,1755598966,1755599193.047435,join,J1_1e8_NA_0_1,100000000,small inner on int,89997128,9,chdb,3.5.0,,.join,2,0.54,29.584,TRUE,NA,0.022,,FALSE,c6id.metal
ip-172-31-35-156,1755598966,1755599193.7416618,join,J1_1e8_NA_0_1,100000000,medium inner on int,89995511,11,chdb,3.5.0,,.join,1,0.665,39.356,TRUE,NA,0.013,,FALSE,c6id.metal
ip-172-31-35-156,1755598966,1755599194.4108756,join,J1_1e8_NA_0_1,100000000,medium inner on int,89995511,11,chdb,3.5.0,,.join,2,0.632,48.978,TRUE,NA,0.033,,FALSE,c6id.metal
ip-172-31-35-156,1755598966,1755599195.2710972,join,J1_1e8_NA_0_1,100000000,medium outer on int,100000000,11,chdb,3.5.0,,.join,1,0.823,59.273,TRUE,NA,0.026,,FALSE,c6id.metal
ip-172-31-35-156,1755598966,1755599196.2017648,join,J1_1e8_NA_0_1,100000000,medium outer on int,100000000,11,chdb,3.5.0,,.join,2,0.901,69.657,TRUE,NA,0.025,,FALSE,c6id.metal
ip-172-31-35-156,1755598966,1755599196.9143393,join,J1_1e8_NA_0_1,100000000,medium inner on factor,89995511,11,chdb,3.5.0,,.join,1,0.685,78.348,TRUE,NA,0.014,,FALSE,c6id.metal
ip-172-31-35-156,1755598966,1755599197.5549178,join,J1_1e8_NA_0_1,100000000,medium inner on factor,89995511,11,chdb,3.5.0,,.join,2,0.622,86.717,TRUE,NA,0.014,,FALSE,c6id.metal
ip-172-31-35-156,1755598966,1755599200.166792,join,J1_1e8_NA_0_1,100000000,big inner on int,90000000,13,chdb,3.5.0,,.join,1,2.584,106.149,TRUE,NA,0.014,,FALSE,c6id.metal
ip-172-31-35-156,1755598966,1755599202.7183397,join,J1_1e8_NA_0_1,100000000,big inner on int,90000000,13,chdb,3.5.0,,.join,2,2.531,117.601,TRUE,NA,0.016,,FALSE,c6id.metal
